DATE,AWND,WSF2,WSF5
20120101,11.4036,31.974800000000005,40.0244
20120102,8.049600000000002,16.099200000000003,18.111600000000003
20120103,10.2856,19.9004,23.030800000000003
20120104,11.180000000000001,21.018400000000003,25.043200000000002
20120105,8.4968,14.086800000000002,16.9936
20120106,14.757600000000002,29.962400000000002,38.01200000000001
20120107,8.4968,18.111600000000003,23.030800000000003
20120108,6.9316,16.099200000000003,19.9004
20120109,7.6024,16.099200000000003,16.9936
20120110,8.049600000000002,12.968800000000002,14.981200000000001
20120111,24.8196,44.0492,55.0056
20120112,16.9936,31.080400000000004,36.894000000000005
20120113,9.391200000000001,16.099200000000003,18.111600000000003
20120114,9.1676,16.099200000000003,19.9004
20120115,10.509200000000002,14.981200000000001,18.111600000000003
20120116,12.298000000000002,25.937600000000003,31.974800000000005
20120117,10.509200000000002,25.937600000000003,31.080400000000004
20120118,8.944,14.981200000000001,18.111600000000003
20120119,10.9564,19.9004,21.9128
20120120,10.2856,18.111600000000003,21.9128
20120121,15.2048,35.1052,40.918800000000005
20120122,20.5712,50.9808,61.042800000000014
20120123,10.732800000000001,19.9004,25.937600000000003
20120124,10.9564,25.043200000000002,31.080400000000004
20120125,10.2856,25.043200000000002,29.962400000000002
20120126,13.639600000000002,29.962400000000002,38.01200000000001
20120127,19.006000000000004,42.931200000000004,48.074000000000005
20120128,8.049600000000002,23.9252,29.068
20120129,7.378800000000001,19.9004,21.9128
20120130,8.4968,14.086800000000002,18.111600000000003
20120131,10.2856,25.937600000000003,31.974800000000005
20120201,5.8136,16.9936,21.018400000000003
20120202,11.4036,25.937600000000003,31.974800000000005
20120203,17.440800000000003,25.043200000000002,29.068
20120204,19.006000000000004,29.962400000000002,35.9996
20120205,5.1428,12.0744,14.086800000000002
20120206,9.6148,21.018400000000003,25.043200000000002
20120207,19.453200000000002,31.080400000000004,38.01200000000001
20120208,7.8260000000000005,16.099200000000003,19.9004
20120209,5.8136,12.968800000000002,16.099200000000003
20120210,13.416000000000002,21.018400000000003,27.95
20120211,9.6148,18.111600000000003,23.030800000000003
20120212,21.689200000000003,31.974800000000005,40.918800000000005
20120213,15.2048,31.974800000000005,38.01200000000001
20120214,8.049600000000002,19.9004,23.9252
20120215,12.968800000000002,27.95,33.092800000000004
20120216,8.720400000000001,19.9004,23.9252
20120217,7.6024,21.9128,25.937600000000003
20120218,10.9564,27.95,33.092800000000004
20120219,19.006000000000004,35.1052,42.931200000000004
20120220,19.453200000000002,38.906400000000005,46.956
20120221,6.708000000000001,14.981200000000001,18.111600000000003
20120222,8.944,21.9128,25.937600000000003
20120223,19.006000000000004,40.918800000000005,46.956
20120224,12.968800000000002,31.974800000000005,40.0244
20120225,20.5712,44.0492,53.887600000000006
20120226,10.732800000000001,27.95,31.974800000000005
20120227,12.968800000000002,21.9128,29.068
20120228,23.030800000000003,48.9684,63.0552
20120229,11.4036,21.9128,29.068
20120301,16.099200000000003,31.080400000000004,36.894000000000005
20120302,13.416000000000002,23.030800000000003,31.080400000000004
20120303,13.192400000000001,31.080400000000004,50.9808
20120304,13.416000000000002,31.974800000000005,44.9436
20120305,18.5588,38.906400000000005,46.061600000000006
20120306,17.6644,40.918800000000005,48.074000000000005
20120307,18.5588,33.092800000000004,42.931200000000004
20120308,13.8632,25.937600000000003,35.1052
20120309,8.049600000000002,14.981200000000001,21.9128
20120310,13.192400000000001,25.937600000000003,33.092800000000004
20120311,10.509200000000002,16.099200000000003,21.018400000000003
20120312,9.6148,18.111600000000003,23.9252
20120313,13.192400000000001,29.068,35.9996
20120314,11.4036,19.9004,23.9252
20120315,7.378800000000001,16.099200000000003,21.018400000000003
20120316,12.298000000000002,27.95,35.9996
20120317,19.2296,35.1052,40.918800000000005
20120318,24.1488,36.894000000000005,48.9684
20120319,16.099200000000003,35.9996,44.0492
20120320,10.732800000000001,35.1052,40.0244
20120321,15.652000000000001,36.894000000000005,46.956
20120322,9.391200000000001,23.9252,29.068
20120323,4.919200000000001,8.944,12.0744
20120324,9.838400000000002,21.018400000000003,23.030800000000003
20120325,13.192400000000001,23.9252,29.962400000000002
20120326,22.360000000000003,38.906400000000005,46.956
20120327,15.2048,33.092800000000004,40.0244
20120328,7.8260000000000005,16.9936,21.018400000000003
20120329,15.2048,27.95,35.9996
20120330,6.484400000000001,14.981200000000001,16.9936
20120331,12.7452,23.9252,29.962400000000002
20120401,15.428400000000002,35.9996,42.931200000000004
20120402,17.6644,38.906400000000005,46.956
20120403,20.124000000000002,40.0244,50.9808
20120404,11.6272,19.9004,23.030800000000003
20120405,7.6024,16.099200000000003,18.111600000000003
20120406,16.099200000000003,23.030800000000003,31.080400000000004
20120407,16.099200000000003,35.1052,44.0492
20120408,11.6272,23.030800000000003,29.068
20120409,10.062000000000001,16.9936,21.018400000000003
20120410,12.0744,19.9004,23.9252
20120411,18.111600000000003,27.95,31.974800000000005
20120412,21.9128,35.9996,44.9436
20120413,8.273200000000001,18.111600000000003,23.030800000000003
20120414,16.770000000000003,35.1052,44.0492
20120415,18.782400000000003,38.01200000000001,46.956
20120416,8.4968,29.068,40.918800000000005
20120417,14.086800000000002,27.95,35.9996
20120418,9.1676,19.9004,25.043200000000002
20120419,16.099200000000003,35.9996,42.931200000000004
20120420,12.298000000000002,23.9252,29.962400000000002
20120421,13.416000000000002,29.962400000000002,35.9996
20120422,10.509200000000002,23.9252,29.068
20120423,10.9564,23.9252,31.974800000000005
20120424,8.4968,40.0244,48.9684
20120425,9.1676,18.111600000000003,23.030800000000003
20120426,14.981200000000001,31.080400000000004,38.01200000000001
20120427,20.5712,40.0244,48.9684
20120428,13.8632,23.9252,29.962400000000002
20120429,8.720400000000001,36.894000000000005,42.931200000000004
20120430,9.391200000000001,16.9936,21.9128
20120501,10.509200000000002,19.9004,23.9252
20120502,7.6024,16.099200000000003,19.9004
20120503,11.850800000000001,23.030800000000003,31.080400000000004
20120504,7.8260000000000005,16.9936,21.9128
20120505,10.9564,18.111600000000003,23.9252
20120506,23.9252,40.918800000000005,53.887600000000006
20120507,16.099200000000003,29.962400000000002,35.9996
20120508,6.0372,14.981200000000001,23.9252
20120509,6.708000000000001,16.099200000000003,25.043200000000002
20120510,13.639600000000002,23.9252,31.080400000000004
20120511,11.850800000000001,25.043200000000002,33.092800000000004
20120512,9.6148,21.9128,27.95
20120513,5.8136,10.062000000000001,14.981200000000001
20120514,5.3664000000000005,10.062000000000001,14.086800000000002
20120515,5.3664000000000005,16.9936,23.030800000000003
20120516,12.0744,21.9128,29.068
20120517,18.3352,38.01200000000001,50.9808
20120518,19.006000000000004,35.1052,44.0492
20120519,16.770000000000003,38.906400000000005,46.956
20120520,9.6148,19.9004,25.043200000000002
20120521,13.416000000000002,25.043200000000002,29.962400000000002
20120522,18.782400000000003,27.95,35.9996
20120523,15.428400000000002,46.956,55.9
20120524,12.298000000000002,38.906400000000005,50.9808
20120525,17.6644,31.974800000000005,38.906400000000005
20120526,24.372400000000003,46.956,57.912400000000005
20120527,19.006000000000004,33.092800000000004,46.061600000000006
20120528,10.2856,25.937600000000003,29.962400000000002
20120529,15.428400000000002,23.030800000000003,29.068
20120530,12.298000000000002,35.1052,44.9436
20120531,12.521600000000001,23.030800000000003,29.962400000000002
20120601,14.981200000000001,29.068,38.01200000000001
20120602,10.062000000000001,31.080400000000004,40.0244
20120603,8.273200000000001,18.111600000000003,25.043200000000002
20120604,10.062000000000001,25.043200000000002,40.0244
20120605,8.4968,23.9252,29.962400000000002
20120606,14.310400000000001,31.080400000000004,35.9996
20120607,13.8632,25.043200000000002,33.092800000000004
20120608,14.757600000000002,25.937600000000003,31.974800000000005
20120609,22.360000000000003,31.974800000000005,40.0244
20120610,16.9936,31.080400000000004,38.906400000000005
20120611,11.4036,25.043200000000002,35.1052
20120612,15.2048,31.080400000000004,42.931200000000004
20120613,16.9936,29.962400000000002,35.9996
20120614,17.888,44.0492,61.042800000000014
20120615,11.850800000000001,25.937600000000003,31.974800000000005
20120616,9.1676,36.894000000000005,44.9436
20120617,12.968800000000002,25.043200000000002,31.974800000000005
20120618,16.099200000000003,27.95,38.906400000000005
20120619,22.5836,35.1052,46.956
20120620,19.676800000000004,33.092800000000004,42.931200000000004
20120621,9.6148,19.9004,23.9252
20120622,17.217200000000002,29.068,38.01200000000001
20120623,18.5588,33.092800000000004,40.918800000000005
20120624,10.732800000000001,19.9004,25.937600000000003
20120625,10.2856,23.030800000000003,29.962400000000002
20120626,15.428400000000002,33.092800000000004,38.906400000000005
20120627,14.981200000000001,31.974800000000005,40.918800000000005
20120628,11.4036,27.95,33.092800000000004
20120629,7.8260000000000005,18.111600000000003,23.030800000000003
20120630,10.9564,44.9436,59.03040000000001
20120701,12.298000000000002,35.1052,46.061600000000006
20120702,15.428400000000002,27.95,40.918800000000005
20120703,13.416000000000002,25.043200000000002,33.092800000000004
20120704,16.770000000000003,29.068,35.9996
20120705,14.534,25.937600000000003,35.1052
20120706,11.180000000000001,23.9252,36.894000000000005
20120707,6.9316,23.030800000000003,25.937600000000003
20120708,12.0744,25.043200000000002,31.080400000000004
20120709,11.6272,25.043200000000002,31.080400000000004
20120710,6.260800000000001,12.968800000000002,16.099200000000003
20120711,4.695600000000001,10.062000000000001,16.9936
20120712,5.8136,14.086800000000002,18.111600000000003
20120713,9.1676,21.018400000000003,23.9252
20120714,10.9564,21.9128,35.1052
20120715,13.8632,25.043200000000002,31.974800000000005
20120716,12.968800000000002,23.030800000000003,29.068
20120717,10.732800000000001,21.018400000000003,29.068
20120718,7.155200000000001,14.981200000000001,21.018400000000003
20120719,7.8260000000000005,21.018400000000003,25.043200000000002
20120720,6.9316,19.9004,25.043200000000002
20120721,10.509200000000002,19.9004,25.937600000000003
20120722,9.6148,18.111600000000003,25.043200000000002
20120723,10.062000000000001,19.9004,25.937600000000003
20120724,16.546400000000002,29.068,38.01200000000001
20120725,11.4036,48.9684,59.924800000000005
20120726,9.6148,16.9936,21.9128
20120727,7.155200000000001,16.9936,23.030800000000003
20120728,11.4036,23.9252,35.9996
20120729,13.416000000000002,23.030800000000003,29.962400000000002
20120730,11.6272,23.9252,35.9996
20120731,7.6024,23.030800000000003,27.95
20120801,7.378800000000001,14.981200000000001,18.111600000000003
20120802,12.298000000000002,19.9004,23.9252
20120803,11.4036,55.0056,71.9992
20120804,14.310400000000001,31.080400000000004,35.9996
20120805,8.720400000000001,16.9936,23.9252
20120806,10.9564,19.9004,31.974800000000005
20120807,10.509200000000002,33.092800000000004,42.931200000000004
20120808,6.708000000000001,19.9004,23.9252
20120809,12.0744,19.9004,23.9252
20120810,8.273200000000001,14.981200000000001,21.018400000000003
20120811,15.875600000000002,29.068,36.894000000000005
20120812,12.298000000000002,25.043200000000002,31.974800000000005
20120813,8.273200000000001,18.111600000000003,23.9252
20120814,11.180000000000001,23.030800000000003,25.937600000000003
20120815,8.4968,23.030800000000003,27.95
20120816,16.099200000000003,27.95,35.1052
20120817,8.4968,16.099200000000003,21.018400000000003
20120818,14.086800000000002,35.1052,59.03040000000001
20120819,9.6148,18.111600000000003,25.043200000000002
20120820,10.2856,21.018400000000003,31.080400000000004
20120821,8.720400000000001,21.018400000000003,31.974800000000005
20120822,14.534,25.043200000000002,33.092800000000004
20120823,16.9936,27.95,38.01200000000001
20120824,10.9564,25.043200000000002,33.092800000000004
20120825,6.0372,16.099200000000003,21.9128
20120826,6.0372,14.086800000000002,16.9936
20120827,8.4968,16.099200000000003,21.9128
20120828,10.2856,19.9004,23.9252
20120829,9.6148,19.9004,23.9252
20120830,8.4968,16.099200000000003,23.030800000000003
20120831,6.708000000000001,21.018400000000003,23.9252
20120901,8.4968,19.9004,27.95
20120902,12.0744,23.030800000000003,31.080400000000004
20120903,10.2856,25.043200000000002,31.080400000000004
20120904,6.708000000000001,18.111600000000003,25.043200000000002
20120905,8.720400000000001,21.018400000000003,25.043200000000002
20120906,9.838400000000002,21.018400000000003,29.962400000000002
20120907,15.428400000000002,38.01200000000001,46.061600000000006
20120908,5.8136,14.981200000000001,23.030800000000003
20120909,9.838400000000002,16.9936,21.9128
20120910,14.981200000000001,27.95,36.894000000000005
20120911,19.006000000000004,31.974800000000005,42.931200000000004
20120912,20.5712,31.974800000000005,40.0244
20120913,15.2048,23.030800000000003,29.068
20120914,7.378800000000001,14.981200000000001,21.9128
20120915,4.2484,10.062000000000001,14.086800000000002
20120916,7.8260000000000005,16.099200000000003,19.9004
20120917,14.310400000000001,27.95,31.974800000000005
20120918,9.391200000000001,21.018400000000003,29.962400000000002
20120919,10.062000000000001,25.043200000000002,31.974800000000005
20120920,7.8260000000000005,14.981200000000001,18.111600000000003
20120921,7.155200000000001,14.981200000000001,19.9004
20120922,12.968800000000002,23.9252,31.080400000000004
20120923,10.9564,23.9252,29.962400000000002
20120924,7.155200000000001,16.099200000000003,18.111600000000003
20120925,12.521600000000001,23.030800000000003,27.95
20120926,12.521600000000001,44.0492,48.9684
20120927,7.6024,25.043200000000002,31.080400000000004
20120928,6.708000000000001,16.9936,21.018400000000003
20120929,5.1428,12.0744,14.086800000000002
20120930,2.9068,31.080400000000004,36.894000000000005
20121001,15.428400000000002,31.974800000000005,38.906400000000005
20121002,8.944,16.099200000000003,21.018400000000003
20121003,12.7452,35.9996,44.9436
20121004,17.217200000000002,35.9996,44.9436
20121005,13.192400000000001,21.018400000000003,25.937600000000003
20121006,7.6024,16.099200000000003,18.111600000000003
20121007,8.273200000000001,21.018400000000003,25.043200000000002
20121008,10.2856,23.030800000000003,29.962400000000002
20121009,14.086800000000002,35.1052,40.0244
20121010,10.2856,23.030800000000003,31.080400000000004
20121011,12.968800000000002,25.937600000000003,33.092800000000004
20121012,11.180000000000001,25.043200000000002,31.974800000000005
20121013,12.7452,38.01200000000001,46.956
20121014,12.298000000000002,25.043200000000002,31.080400000000004
20121015,7.378800000000001,14.086800000000002,16.9936
20121016,7.378800000000001,18.111600000000003,21.9128
20121017,18.782400000000003,38.906400000000005,48.074000000000005
20121018,19.676800000000004,40.918800000000005,52.9932
20121019,10.509200000000002,21.018400000000003,25.043200000000002
20121020,6.484400000000001,14.981200000000001,19.9004
20121021,5.8136,14.086800000000002,16.9936
20121022,8.720400000000001,18.111600000000003,21.9128
20121023,9.1676,21.9128,27.95
20121024,12.298000000000002,31.080400000000004,38.01200000000001
20121025,19.2296,38.01200000000001,44.9436
20121026,10.509200000000002,18.111600000000003,21.9128
20121027,9.1676,21.9128,29.962400000000002
20121028,8.4968,21.018400000000003,29.068
20121029,8.4968,14.981200000000001,16.9936
20121030,11.6272,23.9252,29.068
20121031,8.4968,16.9936,33.092800000000004
20121101,8.4968,16.9936,21.9128
20121102,14.534,36.894000000000005,42.931200000000004
20121103,7.155200000000001,12.0744,14.086800000000002
20121104,7.8260000000000005,16.9936,21.018400000000003
20121105,10.732800000000001,21.9128,25.937600000000003
20121106,9.391200000000001,25.043200000000002,29.962400000000002
20121107,10.509200000000002,18.111600000000003,25.043200000000002
20121108,7.378800000000001,16.099200000000003,23.030800000000003
20121109,12.298000000000002,27.95,38.01200000000001
20121110,24.1488,46.061600000000006,59.03040000000001
20121111,13.639600000000002,29.068,35.1052
20121112,5.590000000000001,12.968800000000002,16.099200000000003
20121113,11.4036,27.95,35.9996
20121114,9.391200000000001,16.099200000000003,18.111600000000003
20121115,11.180000000000001,23.9252,29.068
20121116,10.2856,23.030800000000003,29.962400000000002
20121117,14.757600000000002,25.043200000000002,31.974800000000005
20121118,11.180000000000001,23.030800000000003,29.962400000000002
20121119,8.720400000000001,21.018400000000003,25.937600000000003
20121120,8.273200000000001,16.9936,21.9128
20121121,15.875600000000002,35.1052,42.931200000000004
20121122,17.6644,38.01200000000001,44.9436
20121123,8.720400000000001,16.099200000000003,19.9004
20121124,9.391200000000001,18.111600000000003,21.018400000000003
20121125,12.0744,19.9004,23.030800000000003
20121126,12.968800000000002,25.043200000000002,29.068
20121127,10.509200000000002,23.030800000000003,27.95
20121128,5.1428,12.968800000000002,19.9004
20121129,5.3664000000000005,12.0744,14.086800000000002
20121130,8.049600000000002,16.099200000000003,21.018400000000003
20121201,8.273200000000001,23.9252,29.068
20121202,8.944,21.018400000000003,25.937600000000003
20121203,15.2048,36.894000000000005,46.061600000000006
20121204,7.6024,12.968800000000002,14.981200000000001
20121205,14.310400000000001,31.080400000000004,38.906400000000005
20121206,14.310400000000001,35.1052,40.0244
20121207,4.919200000000001,14.981200000000001,18.111600000000003
20121208,7.6024,19.9004,25.043200000000002
20121209,20.347600000000003,35.1052,40.0244
20121210,8.4968,21.018400000000003,23.9252
20121211,8.049600000000002,14.086800000000002,16.9936
20121212,11.850800000000001,21.9128,25.043200000000002
20121213,7.155200000000001,14.981200000000001,19.9004
20121214,12.521600000000001,31.974800000000005,44.0492
20121215,9.391200000000001,25.043200000000002,31.974800000000005
20121216,8.944,18.111600000000003,23.030800000000003
20121217,10.2856,21.9128,25.937600000000003
20121218,9.838400000000002,19.9004,23.030800000000003
20121219,19.9004,48.074000000000005,59.924800000000005
20121220,13.192400000000001,33.092800000000004,42.931200000000004
20121221,6.484400000000001,12.968800000000002,14.981200000000001
20121222,8.049600000000002,14.981200000000001,16.9936
20121223,6.484400000000001,12.968800000000002,16.9936
20121224,13.8632,27.95,33.092800000000004
20121225,21.018400000000003,35.1052,40.918800000000005
20121226,10.9564,25.043200000000002,31.080400000000004
20121227,11.850800000000001,21.9128,31.080400000000004
20121228,11.180000000000001,19.9004,23.030800000000003
20121229,9.838400000000002,16.9936,21.9128
20121230,13.416000000000002,23.030800000000003,29.962400000000002
20121231,14.534,23.030800000000003,25.937600000000003
20130101,6.9316,14.086800000000002,16.099200000000003
20130102,9.6148,16.099200000000003,19.9004
20130103,8.273200000000001,14.086800000000002,14.981200000000001
20130104,7.8260000000000005,18.111600000000003,23.030800000000003
20130105,11.180000000000001,23.9252,27.95
20130106,10.509200000000002,19.9004,23.9252
20130107,10.509200000000002,21.9128,25.043200000000002
20130108,9.391200000000001,19.9004,23.030800000000003
20130109,6.708000000000001,12.968800000000002,14.086800000000002
20130110,9.1676,19.9004,25.043200000000002
20130111,17.440800000000003,46.956,59.924800000000005
20130112,13.416000000000002,21.9128,27.95
20130113,6.0372,19.9004,23.030800000000003
20130114,7.6024,14.086800000000002,18.111600000000003
20130115,5.8136,12.0744,14.981200000000001
20130116,11.6272,21.9128,25.937600000000003
20130117,8.049600000000002,12.968800000000002,16.099200000000003
20130118,10.732800000000001,16.9936,21.018400000000003
20130119,11.6272,25.937600000000003,31.974800000000005
20130120,9.391200000000001,25.937600000000003,31.080400000000004
20130121,8.944,21.9128,27.95
20130122,6.260800000000001,16.099200000000003,18.111600000000003
20130123,9.838400000000002,23.9252,29.962400000000002
20130124,7.6024,19.9004,25.043200000000002
20130125,6.9316,14.086800000000002,16.099200000000003
20130126,12.298000000000002,21.9128,27.95
20130127,10.509200000000002,25.043200000000002,31.080400000000004
20130128,15.2048,38.906400000000005,48.074000000000005
20130129,17.888,29.962400000000002,35.9996
20130130,13.8632,21.9128,25.937600000000003
20130131,10.509200000000002,21.9128,25.937600000000003
20130201,9.1676,23.030800000000003,25.937600000000003
20130202,8.4968,16.9936,21.9128
20130203,9.1676,25.043200000000002,31.080400000000004
20130204,8.944,23.030800000000003,29.068
20130205,8.4968,19.9004,23.030800000000003
20130206,10.9564,25.043200000000002,31.080400000000004
20130207,15.652000000000001,33.092800000000004,40.0244
20130208,14.981200000000001,31.080400000000004,36.894000000000005
20130209,20.794800000000002,35.1052,44.0492
20130210,21.9128,40.918800000000005,52.098800000000004
20130211,8.049600000000002,18.111600000000003,21.9128
20130212,5.3664000000000005,12.968800000000002,16.099200000000003
20130213,8.720400000000001,16.9936,23.9252
20130214,12.298000000000002,31.080400000000004,35.9996
20130215,7.378800000000001,29.068,31.974800000000005
20130216,9.391200000000001,23.9252,35.9996
20130217,9.6148,21.018400000000003,25.043200000000002
20130218,21.018400000000003,35.9996,46.061600000000006
20130219,14.086800000000002,25.043200000000002,31.974800000000005
20130220,24.8196,33.092800000000004,40.0244
20130221,17.440800000000003,25.937600000000003,29.962400000000002
20130222,6.708000000000001,16.9936,19.9004
20130223,9.391200000000001,16.9936,19.9004
20130224,13.416000000000002,29.962400000000002,35.1052
20130225,25.4904,38.01200000000001,42.931200000000004
20130226,10.062000000000001,16.099200000000003,18.111600000000003
20130227,14.757600000000002,36.894000000000005,42.931200000000004
20130228,10.2856,16.9936,21.9128
20130301,11.4036,23.9252,29.068
20130302,7.6024,16.099200000000003,19.9004
20130303,6.484400000000001,14.086800000000002,14.981200000000001
20130304,17.440800000000003,29.962400000000002,46.061600000000006
20130305,12.0744,21.018400000000003,25.937600000000003
20130306,19.006000000000004,33.092800000000004,42.931200000000004
20130307,10.509200000000002,19.9004,25.937600000000003
20130308,16.546400000000002,33.092800000000004,38.906400000000005
20130309,23.9252,36.894000000000005,44.9436
20130310,27.279200000000003,44.9436,55.0056
20130311,8.944,16.9936,21.9128
20130312,10.732800000000001,21.9128,29.068
20130313,9.6148,25.937600000000003,31.974800000000005
20130314,7.8260000000000005,16.9936,23.9252
20130315,8.049600000000002,19.9004,23.030800000000003
20130316,19.2296,33.092800000000004,40.0244
20130317,11.6272,29.962400000000002,35.9996
20130318,9.838400000000002,23.9252,29.962400000000002
20130319,13.192400000000001,27.95,31.974800000000005
20130320,15.2048,23.9252,29.962400000000002
20130321,12.7452,25.043200000000002,33.092800000000004
20130322,8.4968,21.9128,25.937600000000003
20130323,18.5588,31.080400000000004,36.894000000000005
20130324,13.639600000000002,29.962400000000002,35.9996
20130325,14.981200000000001,25.937600000000003,33.092800000000004
20130326,14.757600000000002,31.080400000000004,36.894000000000005
20130327,12.0744,21.9128,27.95
20130328,8.720400000000001,14.981200000000001,19.9004
20130329,10.062000000000001,21.018400000000003,29.068
20130330,12.7452,33.092800000000004,40.918800000000005
20130331,8.049600000000002,25.043200000000002,31.080400000000004
20130401,17.217200000000002,31.974800000000005,44.0492
20130402,6.484400000000001,12.968800000000002,14.981200000000001
20130403,7.155200000000001,16.099200000000003,21.018400000000003
20130404,7.155200000000001,14.086800000000002,16.099200000000003
20130405,20.794800000000002,38.906400000000005,48.9684
20130406,12.968800000000002,31.080400000000004,38.01200000000001
20130407,9.838400000000002,23.030800000000003,29.068
20130408,14.086800000000002,31.080400000000004,40.918800000000005
20130409,29.068,40.918800000000005,48.074000000000005
20130410,22.8072,33.092800000000004,42.931200000000004
20130411,11.4036,29.068,38.01200000000001
20130412,7.8260000000000005,29.068,35.1052
20130413,19.9004,38.01200000000001,48.074000000000005
20130414,17.440800000000003,35.9996,46.061600000000006
20130415,14.310400000000001,27.95,35.9996
20130416,17.888,25.043200000000002,31.080400000000004
20130417,19.676800000000004,35.1052,44.0492
20130418,21.9128,35.1052,40.918800000000005
20130419,11.850800000000001,25.043200000000002,33.092800000000004
20130420,13.192400000000001,29.068,40.918800000000005
20130421,8.4968,16.099200000000003,21.9128
20130422,22.360000000000003,44.0492,52.098800000000004
20130423,17.440800000000003,35.1052,42.931200000000004
20130424,8.4968,18.111600000000003,25.043200000000002
20130425,19.676800000000004,40.0244,52.9932
20130426,5.8136,21.018400000000003,25.043200000000002
20130427,6.0372,16.9936,23.9252
20130428,8.273200000000001,16.099200000000003,23.030800000000003
20130429,7.155200000000001,16.099200000000003,19.9004
20130430,11.850800000000001,23.9252,31.080400000000004
20130501,27.5028,40.918800000000005,53.887600000000006
20130502,19.9004,29.962400000000002,40.0244
20130503,10.509200000000002,25.043200000000002,29.962400000000002
20130504,16.9936,29.962400000000002,38.01200000000001
20130505,9.6148,18.111600000000003,23.9252
20130506,8.944,19.9004,27.95
20130507,16.3228,29.068,36.894000000000005
20130508,11.850800000000001,52.9932,65.96200000000002
20130509,12.298000000000002,21.9128,27.95
20130510,9.391200000000001,21.9128,25.937600000000003
20130511,12.7452,29.962400000000002,35.9996
20130512,9.391200000000001,23.9252,31.974800000000005
20130513,8.049600000000002,18.111600000000003,23.030800000000003
20130514,14.981200000000001,29.962400000000002,40.0244
20130515,11.850800000000001,25.043200000000002,35.1052
20130516,10.9564,21.018400000000003,25.937600000000003
20130517,14.981200000000001,29.068,38.01200000000001
20130518,15.875600000000002,38.906400000000005,48.9684
20130519,12.968800000000002,35.9996,42.931200000000004
20130520,11.4036,25.043200000000002,31.974800000000005
20130521,14.757600000000002,31.974800000000005,40.0244
20130522,6.708000000000001,14.981200000000001,19.9004
20130523,17.440800000000003,27.95,35.9996
20130524,21.465600000000002,31.080400000000004,38.906400000000005
20130525,21.9128,35.9996,44.9436
20130526,19.453200000000002,38.906400000000005,46.956
20130527,15.2048,29.068,36.894000000000005
20130528,15.875600000000002,40.918800000000005,52.9932
20130529,21.242,38.906400000000005,50.9808
20130530,10.509200000000002,27.95,33.092800000000004
20130531,9.6148,27.95,33.092800000000004
20130601,16.099200000000003,29.962400000000002,36.894000000000005
20130602,10.2856,23.9252,29.962400000000002
20130603,23.9252,38.01200000000001,48.9684
20130604,11.180000000000001,35.1052,42.931200000000004
20130605,13.416000000000002,29.962400000000002,36.894000000000005
20130606,6.0372,12.968800000000002,16.099200000000003
20130607,11.4036,25.043200000000002,31.080400000000004
20130608,13.639600000000002,29.962400000000002,35.1052
20130609,9.391200000000001,23.030800000000003,29.068
20130610,16.3228,31.080400000000004,40.0244
20130611,26.384800000000002,38.906400000000005,50.9808
20130612,10.509200000000002,23.030800000000003,29.962400000000002
20130613,16.770000000000003,25.937600000000003,35.1052
20130614,19.2296,35.1052,40.918800000000005
20130615,14.981200000000001,52.9932,63.0552
20130616,12.968800000000002,53.887600000000006,69.9868
20130617,8.049600000000002,18.111600000000003,23.030800000000003
20130618,10.2856,23.9252,27.95
20130619,18.5588,31.080400000000004,38.01200000000001
20130620,20.794800000000002,35.1052,40.918800000000005
20130621,20.794800000000002,38.01200000000001,48.074000000000005
20130622,18.782400000000003,35.1052,44.0492
20130623,11.850800000000001,21.9128,31.080400000000004
20130624,19.453200000000002,35.9996,46.956
20130625,10.509200000000002,23.9252,31.080400000000004
20130626,12.0744,23.9252,31.974800000000005
20130627,11.4036,35.9996,46.956
20130628,8.049600000000002,16.099200000000003,19.9004
20130629,7.155200000000001,21.9128,27.95
20130630,9.391200000000001,21.9128,31.974800000000005
20130701,7.6024,16.9936,23.030800000000003
20130702,5.590000000000001,14.981200000000001,16.9936
20130703,11.6272,21.018400000000003,29.962400000000002
20130704,13.639600000000002,23.9252,44.0492
20130705,17.217200000000002,31.080400000000004,38.906400000000005
20130706,16.3228,27.95,38.01200000000001
20130707,12.968800000000002,23.9252,29.962400000000002
20130708,12.7452,27.95,35.9996
20130709,9.6148,31.080400000000004,44.0492
20130710,11.850800000000001,35.9996,48.074000000000005
20130711,11.850800000000001,31.080400000000004,38.906400000000005
20130712,16.546400000000002,29.962400000000002,38.01200000000001
20130713,12.521600000000001,25.043200000000002,31.080400000000004
20130714,12.968800000000002,25.937600000000003,31.974800000000005
20130715,10.2856,25.043200000000002,29.962400000000002
20130716,12.0744,27.95,31.974800000000005
20130717,11.180000000000001,23.9252,31.974800000000005
20130718,16.3228,29.068,35.9996
20130719,12.521600000000001,31.080400000000004,40.0244
20130720,7.378800000000001,25.043200000000002,31.080400000000004
20130721,8.4968,18.111600000000003,23.030800000000003
20130722,11.850800000000001,29.068,33.092800000000004
20130723,12.298000000000002,33.092800000000004,38.01200000000001
20130724,8.720400000000001,16.9936,21.9128
20130725,14.534,35.1052,48.074000000000005
20130726,10.9564,21.9128,29.068
20130727,15.2048,29.962400000000002,36.894000000000005
20130728,16.099200000000003,23.9252,29.962400000000002
20130729,10.2856,25.937600000000003,33.092800000000004
20130730,7.6024,12.968800000000002,19.9004
20130731,8.4968,44.0492,53.887600000000006
20130801,15.2048,46.956,57.912400000000005
20130802,10.9564,21.9128,27.95
20130803,16.546400000000002,31.974800000000005,38.906400000000005
20130804,6.9316,23.9252,27.95
20130805,7.378800000000001,31.080400000000004,38.906400000000005
20130806,6.708000000000001,19.9004,25.043200000000002
20130807,11.850800000000001,29.068,36.894000000000005
20130808,10.509200000000002,19.9004,23.030800000000003
20130809,10.2856,19.9004,27.95
20130810,7.378800000000001,16.9936,21.9128
20130811,10.2856,19.9004,23.030800000000003
20130812,7.6024,25.043200000000002,35.9996
20130813,7.378800000000001,21.018400000000003,25.937600000000003
20130814,9.1676,18.111600000000003,21.9128
20130815,5.3664000000000005,14.086800000000002,19.9004
20130816,6.708000000000001,18.111600000000003,21.9128
20130817,13.639600000000002,21.018400000000003,25.043200000000002
20130818,13.639600000000002,21.018400000000003,27.95
20130819,10.9564,21.018400000000003,25.937600000000003
20130820,12.298000000000002,21.9128,29.068
20130821,14.757600000000002,25.043200000000002,33.092800000000004
20130822,12.521600000000001,21.018400000000003,27.95
20130823,11.180000000000001,21.9128,29.068
20130824,13.192400000000001,25.937600000000003,35.9996
20130825,13.416000000000002,23.9252,31.080400000000004
20130826,12.7452,23.030800000000003,31.080400000000004
20130827,12.521600000000001,25.043200000000002,31.080400000000004
20130828,8.944,16.9936,21.9128
20130829,9.391200000000001,19.9004,25.043200000000002
20130830,6.9316,14.981200000000001,18.111600000000003
20130831,10.509200000000002,35.9996,44.9436
20130901,11.180000000000001,27.95,35.9996
20130902,6.708000000000001,14.981200000000001,21.018400000000003
20130903,12.298000000000002,21.018400000000003,31.974800000000005
20130904,12.0744,19.9004,23.9252
20130905,10.2856,18.111600000000003,25.937600000000003
20130906,8.720400000000001,19.9004,23.9252
20130907,8.049600000000002,18.111600000000003,25.043200000000002
20130908,9.1676,23.030800000000003,29.068
20130909,14.310400000000001,27.95,44.9436
20130910,10.9564,23.9252,33.092800000000004
20130911,7.378800000000001,23.030800000000003,29.068
20130912,10.9564,16.9936,21.018400000000003
20130913,13.416000000000002,19.9004,23.9252
20130914,11.6272,23.9252,31.080400000000004
20130915,14.757600000000002,23.9252,29.068
20130917,17.6644,23.030800000000003,31.080400000000004
20130918,19.2296,27.95,36.894000000000005
20130919,14.981200000000001,27.95,40.0244
20130920,6.708000000000001,12.968800000000002,16.9936
20130921,12.0744,23.030800000000003,29.068
20130922,17.217200000000002,31.080400000000004,40.0244
20130923,22.360000000000003,40.918800000000005,52.098800000000004
20130924,10.509200000000002,19.9004,25.937600000000003
20130925,18.3352,33.092800000000004,44.0492
20130926,18.3352,35.9996,44.9436
20130927,18.782400000000003,36.894000000000005,44.9436
20130928,10.9564,29.962400000000002,38.01200000000001
20130929,11.180000000000001,21.9128,31.974800000000005
20130930,8.4968,16.099200000000003,21.9128
20131001,8.720400000000001,18.111600000000003,23.9252
20131002,11.6272,18.111600000000003,25.043200000000002
20131003,9.391200000000001,21.018400000000003,25.043200000000002
20131004,17.888,33.092800000000004,42.931200000000004
20131005,16.770000000000003,29.068,38.01200000000001
20131006,14.981200000000001,27.95,35.9996
20131007,9.1676,18.111600000000003,23.030800000000003
20131008,19.453200000000002,36.894000000000005,46.956
20131009,16.9936,31.080400000000004,38.906400000000005
20131010,16.3228,35.9996,48.074000000000005
20131011,11.180000000000001,19.9004,25.043200000000002
20131012,10.509200000000002,16.9936,21.9128
20131013,15.2048,23.9252,31.080400000000004
20131014,20.347600000000003,35.1052,44.0492
20131015,15.428400000000002,29.962400000000002,35.9996
20131016,5.8136,12.0744,14.086800000000002
20131017,10.2856,19.9004,23.9252
20131018,8.720400000000001,21.018400000000003,25.043200000000002
20131019,8.720400000000001,16.9936,21.018400000000003
20131020,11.6272,27.95,33.092800000000004
20131021,8.049600000000002,16.9936,23.030800000000003
20131022,10.509200000000002,23.9252,31.080400000000004
20131023,8.944,23.030800000000003,27.95
20131024,9.838400000000002,18.111600000000003,23.030800000000003
20131025,12.968800000000002,25.937600000000003,31.974800000000005
20131026,11.6272,27.95,35.1052
20131027,11.180000000000001,21.9128,27.95
20131028,9.6148,18.111600000000003,23.9252
20131029,10.062000000000001,19.9004,23.030800000000003
20131030,8.049600000000002,16.9936,19.9004
20131031,11.6272,25.043200000000002,35.1052
20131101,13.416000000000002,27.95,35.1052
20131102,11.4036,21.018400000000003,27.95
20131103,25.4904,40.918800000000005,52.098800000000004
20131104,13.416000000000002,23.9252,31.974800000000005
20131105,14.757600000000002,29.962400000000002,36.894000000000005
20131106,8.273200000000001,16.9936,21.9128
20131107,8.4968,14.981200000000001,19.9004
20131108,13.8632,25.043200000000002,31.974800000000005
20131109,11.6272,23.9252,29.068
20131110,7.6024,19.9004,23.030800000000003
20131111,15.2048,29.068,35.1052
20131112,6.9316,19.9004,23.9252
20131113,12.0744,25.937600000000003,31.080400000000004
20131114,10.509200000000002,27.95,35.1052
20131115,10.9564,25.937600000000003,35.1052
20131116,11.4036,23.030800000000003,31.080400000000004
20131117,11.6272,29.962400000000002,36.894000000000005
20131118,10.062000000000001,23.9252,29.962400000000002
20131119,13.8632,29.068,38.01200000000001
20131120,7.378800000000001,14.086800000000002,19.9004
20131121,21.9128,35.9996,44.0492
20131122,11.4036,31.080400000000004,36.894000000000005
20131123,6.9316,18.111600000000003,21.9128
20131124,13.8632,23.030800000000003,27.95
20131125,8.4968,18.111600000000003,23.9252
20131126,10.2856,21.9128,25.043200000000002
20131127,9.1676,19.9004,23.030800000000003
20131128,11.180000000000001,23.030800000000003,27.95
20131129,10.062000000000001,23.030800000000003,27.95
20131130,4.695600000000001,12.0744,12.968800000000002
20131201,3.8012,8.944,12.0744
20131202,7.8260000000000005,14.086800000000002,16.099200000000003
20131203,8.273200000000001,33.092800000000004,40.0244
20131204,21.689200000000003,29.962400000000002,35.9996
20131205,11.180000000000001,23.030800000000003,29.068
20131206,9.391200000000001,16.099200000000003,19.9004
20131207,13.192400000000001,23.030800000000003,29.068
20131208,11.4036,21.018400000000003,23.9252
20131209,6.708000000000001,16.9936,21.018400000000003
20131210,10.509200000000002,23.030800000000003,29.068
20131211,9.1676,18.111600000000003,23.030800000000003
20131212,8.4968,16.9936,21.9128
20131213,10.062000000000001,21.018400000000003,25.043200000000002
20131214,12.521600000000001,23.9252,29.962400000000002
20131215,9.391200000000001,14.981200000000001,19.006000000000004
20131216,7.8260000000000005,18.111600000000003,21.9128
20131217,9.6148,14.981200000000001,16.9936
20131218,8.273200000000001,16.099200000000003,19.006000000000004
20131219,12.968800000000002,36.894000000000005,44.0492
20131220,9.838400000000002,29.962400000000002,35.1052
20131221,6.260800000000001,14.086800000000002,16.099200000000003
20131222,9.1676,16.9936,21.018400000000003
20131223,13.416000000000002,23.9252,31.080400000000004
20131224,14.086800000000002,23.9252,29.962400000000002
20131225,9.838400000000002,23.030800000000003,27.95
20131226,8.944,21.018400000000003,23.9252
20131227,9.391200000000001,16.099200000000003,21.018400000000003
20131228,13.192400000000001,38.906400000000005,46.956
20131229,16.099200000000003,35.9996,44.0492
20131230,11.850800000000001,29.962400000000002,38.01200000000001
20131231,9.391200000000001,23.9252,29.068
